node,log,name,address
1,Found,George Jackson,"PSC 7018, Box 7784
APO AA 32252"
1,Found,Miranda Johnson,"PSC 5479, Box 2134
APO AE 30332"
1,Found,Peter Byrd,"00988 Lucas Knolls Suite 279
Lake Ryantown, UT 12009"
1,Found,Catherine Roy,"054 Jacobson Summit Apt. 210
Claytonburgh, MA 20969"
1,Found,Samantha White,"803 Thomas Mountain
West Kyle, MI 71758"
1,Found,Timothy Williams,"2982 Michelle Expressway Apt. 872
Gilesburgh, NV 97759"
1,Found,Meagan Miller,"337 Watson Lakes Apt. 918
Lake Christinashire, ME 80271"
1,Found,Charles Castillo,"176 Bowers Mountains Apt. 911
South Patrick, AR 13920"
1,Found,Matthew Miller,"4243 Patricia Gardens Apt. 184
Priceside, AR 98143"
1,Found,Robert Roberts,"82322 Rachel River Suite 191
Bakermouth, SC 81458"
7,Found,Justin Rogers,"8131 Stephanie Square Apt. 614
Lake Vicki, CT 20947"
7,Found,Kevin Vasquez,"PSC 2521, Box 6633
APO AA 87057"
7,Found,Jacqueline Jones,"Unit 4571 Box 8442
DPO AE 05388"
7,Found,Mary Richardson,"06005 Clark Fall
Benjaminmouth, NV 27324"
7,Found,Steven Zhang,"301 Holly Common
North Shelby, CT 20611"
7,Found,Dustin Hutchinson,"6968 Sue Village Suite 062
Haroldburgh, VT 06817"
7,Found,Jason Johnson,"034 Scott Island
Lorrainehaven, TX 02138"
7,Found,Erica Cox,"776 Jason Harbor
North Mary, VT 99119"
7,Found,Dale Shepard,"9138 Ramirez Stream
South Joshua, KY 91863"
7,Found,Diane Harper,"6855 Adams Locks
Dannystad, SD 53966"
2,Found,Samuel Jones,"Unit 9453 Box 7360
DPO AE 54796"
2,Found,Daniel Ross,"18814 Berry Corners Apt. 754
Moralesstad, TX 78574"
2,Found,Jack Spears,"36002 Lawrence Prairie Suite 963
Port Charles, ND 06783"
2,Found,Brenda Nunez,"40015 Santiago Dale Suite 014
North Kristy, WY 15755"
2,Found,Rita Green,"5466 Jeanne Tunnel
Lamberthaven, PA 43566"
2,Found,Jeremy Fuller,"30573 John Union Suite 402
West Karen, GA 79186"
2,Found,Michelle Baldwin,"24425 Hayley Fort
Harristown, UT 11879"
2,Found,Isaac White,"2005 Christopher Land
Johnstonshire, OH 05922"
2,Found,Andrew Smith,"0079 Adrian Port
Johnstontown, TN 23552"
2,Found,Courtney Keller,"86294 Terrance Underpass Suite 283
West Richardview, NJ 47791"
.,Found,Megan Lee,"05531 Daniel Ridges
Davidland, FL 57725"
.,Found,Jennifer Juarez,"26809 Blackwell Fall Suite 426
Richardview, UT 57813"
.,Found,Megan Jones,"871 Stacie Stream Suite 759
Holmesburgh, MT 95976"
.,Found,Tammy Barnes,"3516 Nguyen Oval
North Laurafurt, WI 11339"
.,Found,Krista Jones,"604 Phillips Spring
Lake Monicaton, VA 88132"
.,Found,Maria Watson,"24382 Anna Springs Suite 073
East Laurachester, OR 27139"
1,Found,Laurie Hatfield,"Unit 3506 Box 6634
DPO AA 73664"
.,Found,Sean Randall,"31434 Cook Road Suite 885
South Caroline, MN 65083"
.,Found,Cynthia Grimes,"4817 Hicks Expressway
Brockton, WY 67420"
.,Found,Jennifer Johnson,"20843 Freeman Mountain
Jeremyside, NV 13655"
.,Found,Robert Reynolds MD,"85288 Reynolds Keys Apt. 325
Rubiochester, NE 26473"
1,Found,William Ball,"363 Gardner Highway Suite 321
East Nancy, AL 03259"
1,Found,Brandi Alexander,"3728 Powell Loop Apt. 036
South Jeanetteland, WA 57952"
1,Found,Jennifer Flores,"372 Katherine Fall Apt. 329
Mooreland, SD 25694"
1,Found,Teresa Davis,"73042 Jennifer Wells Suite 738
Port Christinechester, FL 63577"
1,Found,Herbert Mcgee,"0693 Arthur Flat
West Sarahmouth, AK 85601"
1,Found,Dr. Bradley Santana MD,"USNV Morgan
FPO AA 69091"
0,Found,Kevin Garza,"55011 Tracy Mountains Suite 811
New Amberhaven, DC 85641"
1,Found,Danny Jones,"408 John Club Suite 128
Nicoleside, ME 60568"
1,Found,Amber Owen,"1725 Steven Turnpike Apt. 343
West Suzanne, WV 21629"
0,Found,Ryan Davis,"Unit 1257 Box 3585
DPO AP 80120"
1,Found,Stephanie Frost,"3284 Miller Club
West Maria, MA 11343"
0,Found,Alyssa Ramos,"2028 Andres Groves Apt. 043
Nicoleview, CO 29892"
0,Found,Michael Bender,"08058 Keith Inlet
Schultzmouth, VT 88082"
0,Found,Gary Butler,"9334 Martinez Meadow Suite 977
Kathleenshire, AR 18975"
0,Found,Rebecca Buck,"318 Richard Courts Suite 770
Robinchester, AK 80860"
0,Found,Stephen Hicks,"8097 Reyes Streets Suite 217
Port Juliebury, VT 45613"
0,Found,Patricia Huerta,"3008 William Ways
Elizabethport, TX 65757"
.,Found,Jonathan Torres,"773 Knapp Harbors Suite 864
Lake Erin, LA 27151"
.,Found,Beth Villarreal,"441 Elliott Circle Apt. 422
Wheelermouth, NE 10930"
0,Found,Samantha Willis,"77483 Wolf Fords Apt. 963
Lopezport, AK 37863"
0,Found,Belinda Gardner,"0636 Michael Place
Dillonbury, OH 98143"
.,Found,Frederick Santos,"9067 Franco Ford Apt. 334
North Kathrynchester, AR 12875"
.,Found,Francisco Rocha,"54129 Nicole Stream
Greerchester, IN 94246"
.,Found,Ashley Simmons,"74731 Lisa Way
Shawnfort, AK 31462"
.,Found,William Vega,"678 Brittany Causeway
Shannonburgh, MD 09650"
.,Found,Michelle Mitchell,"587 Oconnor Way
Lewismouth, GA 85459"
.,Found,Kayla Olson,"USS Chandler
FPO AP 45072"
.,Found,Mr. Michael Jenkins,"400 Todd Track
Lake James, UT 69859"
1,Found,William Valencia,"517 Harper Neck
East Raymondton, OH 07518"
1,Found,Caitlin Crawford,"310 Lucas Route Apt. 978
Rodrigueztown, ME 02851"
.,Found,Deanna Mcpherson,"662 Mary Green Suite 278
East Sarahside, NV 53903"
1,Found,Mackenzie Baird,"803 Chase Road Apt. 985
Lake Moniquebury, CT 27369"
1,Found,Felicia Harvey,"09120 Michael Bridge Suite 757
North Alexander, MA 79059"
1,Found,Jamie Wallace,"5900 Teresa Avenue
Schmidtchester, KS 78577"
1,Found,Jessica Myers MD,"14369 Malone Views
East Bradleytown, CA 39289"
1,Found,Colleen Nunez,"8242 Jeremy Extension
Marshallstad, FL 22607"
1,Found,Rita Sheppard,"7436 Elizabeth Green
Mendozaton, VT 75337"
5,Found,Matthew Larson,"236 Shari Lodge
North Daniel, WV 37438"
1,Found,Lori Vega,"972 Lauren Garden Apt. 067
Sanchezhaven, NY 75469"
5,Found,Sarah Smith,"0888 Hunter Brook
East Nathan, ME 74027"
1,Found,Kenneth Williams,"80113 Nathan Pine
Michaelfurt, MD 34697"
5,Found,Tonya Schultz,"96725 Jackson Corners Apt. 283
Peterport, ND 92476"
5,Found,Teresa Kirby,"77592 Harold Terrace Suite 696
Jonside, NH 76331"
5,Found,Chase Snow,"341 Hunt Stream
West Bryanbury, SC 68395"
5,Found,Anna Farrell,"834 Nathan Vista Apt. 344
Port Joseph, KY 52585"
5,Found,Todd Edwards,"06215 Kennedy Shoal Suite 434
South Calvin, KS 71782"
5,Found,Lindsey Hicks,"1312 Sarah Glens Apt. 488
Morrisonstad, RI 45178"
5,Found,Lisa Moyer,"547 Sarah Green Suite 109
West Becky, RI 69565"
2,Found,Tina Tran,"780 Hodge Passage
East Daniel, OK 93606"
2,Found,Nicole Burns,"6595 Jacob Lock Apt. 416
Loriland, DC 55327"
5,Found,Michael Arnold,"34372 Ortega Points
Lake Margaretport, NJ 89815"
2,Found,Charles Scott,"210 John Turnpike
West Jessica, MN 60657"
2,Found,Troy Deleon,"889 Michael Spurs
Chloeview, ND 36509"
2,Found,Beth Nicholson,"65923 Lynch Mission
Gravesberg, NM 74161"
2,Found,Jonathan Powell,"657 Davis Cliff
Gonzalezmouth, MI 54814"
2,Found,Joseph Martinez,"79686 Felicia Knolls
Kaitlynview, WV 80111"
2,Found,Katie Robinson,"92782 Rodriguez Brook Apt. 420
East Melissafort, VT 28969"
2,Found,Debbie Park,"10423 Norton Lock Apt. 400
Lake Natalie, ME 34698"
.,Found,Abigail Booker,"0822 Carol Court
New Hannahberg, MN 95426"
.,Found,Kathleen Moreno,"1687 Booker Route Apt. 218
West Gordon, PA 43402"
.,Found,Steven Miller,"PSC 7760, Box 8514
APO AP 30830"
2,Found,Kenneth Yu,"7477 Miller River
Nicholasstad, VA 52749"
.,Found,Nancy Miller,"6448 Eric Points
Kristiberg, OR 11790"
.,Found,Douglas Weaver,"USNS Thompson
FPO AA 94393"
.,Found,Matthew Gaines,"3392 Cynthia Village Suite 232
East Christine, AK 12446"
.,Found,Maria Long MD,"560 Gardner Run Suite 007
South Angiefurt, TN 25865"
.,Found,Ronald Barry,"760 Smith Streets Apt. 383
North Thomasberg, SC 27672"
.,Found,Tanya Ellis,"56004 Darryl Roads
Port Xavierhaven, MD 48736"
1,Found,Karen Potter,"629 Mark Mews Suite 264
Port Maurice, ID 66372"
1,Found,Jeffrey Moore,"3127 Matthew Burgs Apt. 956
East Dillontown, MO 62092"
1,Found,Emily Smith,"899 Wilson Mountain
Lake Terri, OR 89159"
.,Found,Dawn Washington,"3098 Robinson Ridge Apt. 349
Kimberlyview, MI 59412"
1,Found,Kimberly Thomas MD,"58054 Donna Hill
Lake Gloria, CA 69827"
1,Found,Brian Young Jr.,"66520 James Street Suite 492
Richardmouth, WI 94502"
1,Found,Steven Cole,"08823 Gloria Curve Apt. 278
Holderport, TN 98285"
1,Found,Nicole Hubbard,"733 Jones Loaf Suite 564
New Jane, OR 96811"
1,Found,Joshua Jones,"430 Johnson Circles
South Spencer, ME 78497"
1,Found,Blake Watson,"266 Darrell Green
West Christine, DE 98620"
2,Found,Matthew Evans,"1254 Nichole Ports
South Julie, RI 02277"
1,Found,Carolyn Andersen,"322 Troy Plaza
North Donnafort, DE 24722"
9,Found,Pamela Haynes,"8526 Brown Oval
Smithshire, NV 45459"
7,Found,Emily Perez,"Unit 2905 Box 7462
DPO AA 02944"
1,Found,Amanda Marquez,"89485 Cox Village Apt. 878
Stephentown, NH 44605"
3,Found,Courtney Guerrero,"PSC 0381, Box 7848
APO AA 43165"
0,Found,Samuel Perry,"555 Cooke Fort Suite 140
New Kevin, VA 45181"
4,Found,Preston Jones,"66625 Mclean Lane
North Ashley, AL 07026"
5,Found,Crystal Young,"750 Gregory Land Suite 144
West Stephanie, VT 63295"
6,Found,Ryan Hale,"28194 Mendez Spurs Apt. 352
Katiemouth, NH 55650"
8,Found,Michael Ross,"430 Wilkins Trafficway Apt. 179
South Sarah, VA 53391"
